,Itr,ReturnAvg,ReturnStd,ReturnMin,ReturnMax
0,-1,-148.2784811552264,23.072954375594527,-194.54070741336847,-125.42687868924202
